album_id,artist_id
AL1,A1
AL2,A2
AL3,A3
AL3,A4
AL4,A5
AL5,A6
AL6,A7
AL7,A8
AL7,A9
AL8,A10
AL8,A11
AL9,A12
AL10,A13
AL11,A10
AL12,A14
AL13,A15
AL14,A6
AL14,A16
AL15,A17
AL16,A18
AL16,A19
AL17,A18
AL17,A19
AL18,A20
AL18,A21
AL19,A20
AL19,A22
AL20,A8
AL20,A9
AL21,A10
AL22,A10
AL23,A10
AL24,A10
AL25,A10
AL26,A10
AL27,A10
AL28,A10
AL29,A10
AL30,A6
AL22,A23
AL22,A24
AL25,A23
AL25,A24
AL31,A23
AL31,A24
AL32,A25
AL33,A23
AL21,A23
AL34,A25
AL35,A26
AL23,A23
AL36,A23
AL36,A27
AL37,A23
AL37,A27
AL38,A23
AL39,A23
AL39,A27
AL40,A23
AL40,A27
AL41,A23
AL41,A27
AL42,A23
AL42,A27
AL43,A23
AL43,A27
AL44,A28
AL45,A29
AL46,A30
AL47,A31
AL48,A32
AL49,A33
AL50,A6
AL51,A34
AL52,A6
AL53,A13
AL54,A30
AL55,A35
AL19,A21
AL56,A36
AL57,A37
AL58,A38
AL59,A34
AL60,A30
AL61,A39
AL62,A31
AL63,A40
AL64,A30
AL65,A41
AL66,A3
AL67,A8
AL68,A26
AL68,A42
AL69,A43
AL70,A10
AL23,A44
AL71,A44
AL72,A26
AL73,A44
AL21,A44
AL74,A34
AL75,A25
AL76,A25
AL77,A40
AL75,A45
AL78,A45
AL78,A25
AL79,A45
AL76,A45
AL32,A45
AL34,A45
AL30,A45
AL80,A25
AL81,A25
AL82,A29
AL83,A46
AL84,A30
AL19,A47
AL85,A20
AL86,A44
AL86,A48
AL87,A49
AL88,A50
AL89,A51
AL90,A39
AL91,A20
AL92,A30
AL93,A2
AL94,A52
AL95,A53
AL96,A18
AL96,A19
AL97,A5
AL98,A10
AL99,A54
AL99,A55
AL100,A56
AL101,A57
AL102,A58
AL103,A12
AL104,A59
AL105,A2
AL106,A60
AL107,A61
AL108,A62
AL109,A63
AL110,A64
AL111,A64
AL112,A10
AL113,A44
AL114,A25
AL115,A59
AL116,A65
AL116,A66
AL117,A39
AL117,A67
AL117,A5
AL118,A60
AL119,A68
AL119,A69
AL120,A20
AL120,A70
AL121,A6
AL122,A40
AL123,A30
AL124,A63
AL125,A71
AL126,A72
AL127,A10
AL128,A73
AL129,A8
AL129,A9
AL130,A64
AL131,A13
AL131,A74
AL132,A75
AL133,A72
AL134,A18
AL134,A19
AL135,A76
AL136,A39
AL136,A77
AL136,A78
AL137,A79
AL137,A80
AL138,A81
AL139,A20
AL139,A82
AL140,A23
AL141,A59
AL142,A5
AL143,A72
AL144,A83
AL144,A84
AL145,A85
AL146,A6
AL147,A59
AL148,A86
AL149,A87
AL150,A12
AL151,A58
AL152,A88
AL153,A89
AL154,A90
AL154,A91
AL154,A92
AL155,A93
AL156,A94
AL157,A95
AL157,A96
AL158,A29
AL159,A97
AL160,A98
AL161,A5
AL162,A99
AL162,A100
AL162,A101
AL163,A102
AL164,A37
AL165,A13
AL166,A33
AL56,A103
AL167,A45
AL168,A3
AL169,A13
AL169,A104
AL170,A17
AL171,A105
AL172,A103
AL173,A2
AL174,A103
AL175,A13
AL176,A106
AL177,A18
AL177,A19
AL178,A39
AL178,A77
AL178,A78
AL179,A8
AL180,A87
AL180,A107
AL181,A54
AL182,A108
AL183,A37
AL184,A59
AL185,A54
AL186,A106
AL187,A20
AL187,A109
AL188,A43
AL189,A54
AL190,A110
AL70,A111
AL191,A112
AL192,A113
AL193,A114
AL194,A115
AL195,A116
AL196,A116
AL197,A50
AL198,A50
AL199,A32
AL200,A117
AL201,A103
AL202,A102
AL203,A20
AL203,A118
AL204,A13
AL205,A97
AL206,A10
AL207,A119
AL208,A38
AL209,A120
AL210,A121
AL211,A5
AL212,A72
AL213,A37
AL214,A18
AL214,A19
AL215,A18
AL215,A19
AL216,A5
AL217,A121
AL218,A122
AL219,A86
AL220,A123
AL221,A124
AL222,A5
AL223,A125
AL224,A6
AL225,A126
AL226,A5
AL226,A127
AL227,A18
AL227,A19
AL228,A58
AL229,A64
AL230,A128
AL231,A129
AL232,A130
AL233,A131
AL233,A132
AL234,A61
AL235,A133
AL236,A134
AL237,A112
AL238,A54
AL239,A46
AL240,A63
AL241,A50
AL242,A135
AL18,A136
AL243,A137
AL243,A138
AL244,A33
AL245,A139
AL246,A39
AL246,A140
AL247,A103
AL248,A141
AL248,A142
AL249,A2
AL250,A5
AL251,A143
AL252,A18
AL253,A12
AL56,A144
AL254,A145
AL255,A20
AL256,A146
AL257,A13
AL257,A147
AL258,A148
AL259,A149
AL260,A6
AL261,A45
AL262,A146
AL263,A13
AL264,A150
AL265,A3
AL265,A151
AL266,A152
AL267,A30
AL268,A85
AL269,A59
AL270,A153
AL271,A130
AL272,A154
AL273,A155
AL274,A156
AL275,A157
AL276,A158
AL34,A159
AL277,A159
AL79,A159
AL278,A103
AL279,A76
AL279,A5
AL280,A103
AL281,A160
AL282,A5
AL283,A161
AL284,A162
AL285,A10
AL286,A163
AL13,A121
AL287,A63
AL288,A106
AL289,A164
AL290,A165
AL291,A166
AL292,A167
AL292,A168
AL293,A103
AL293,A169
AL294,A146
AL295,A170
AL296,A2
AL297,A89
AL298,A171
AL299,A172
AL300,A37
AL301,A173
AL302,A146
AL303,A59
AL304,A3
AL305,A174
AL187,A5
AL306,A146
AL307,A175
AL308,A155
AL308,A176
AL309,A175
AL310,A146
AL311,A146
AL312,A177
AL313,A23
AL314,A178
AL315,A158
AL316,A115
AL317,A179
AL318,A180
AL319,A160
AL320,A97
AL321,A164
AL322,A1
AL323,A181
AL324,A182
AL324,A183
AL325,A20
AL326,A184
AL327,A5
AL328,A50
AL329,A164
AL330,A37
AL331,A6
AL332,A185
AL333,A186
AL334,A187
AL335,A168
AL336,A106
AL337,A61
AL338,A188
AL339,A189
AL340,A20
AL341,A86
AL342,A146
AL343,A190
AL343,A191
AL344,A8
AL344,A9
AL345,A149
AL346,A31
AL347,A192
AL348,A146
AL349,A141
AL350,A72
AL351,A193
AL352,A149
AL352,A194
AL353,A158
AL354,A54
AL355,A178
AL356,A112
AL356,A195
AL357,A157
AL79,A188
AL358,A28
AL359,A160
AL360,A117
AL361,A196
AL362,A62
AL363,A197
AL364,A198
AL365,A63
AL366,A199
AL367,A41
AL368,A13
AL369,A41
AL370,A198
AL371,A58
AL372,A5
AL372,A127
AL373,A18
AL373,A19
AL374,A35
AL375,A106
AL376,A175
AL377,A44
AL378,A200
AL379,A106
AL380,A43
AL18,A108
AL18,A142
AL381,A201
AL382,A202
AL383,A203
AL384,A204
AL385,A205
AL385,A206
AL386,A207
AL387,A208
AL388,A112
AL389,A209
AL389,A210
AL390,A211
AL391,A61
AL392,A158
AL393,A23
AL393,A27
AL394,A103
AL395,A212
AL395,A213
AL396,A2
AL397,A199
AL398,A33
AL399,A150
AL400,A13
AL401,A103
AL402,A166
AL403,A13
AL404,A214
AL405,A30
AL406,A146
AL407,A146
AL408,A41
AL409,A103
AL410,A5
AL411,A189
AL412,A146
AL413,A215
AL414,A10
AL415,A216
AL415,A217
AL416,A149
AL417,A32
AL418,A5
AL419,A218
AL420,A219
AL421,A220
AL422,A221
AL423,A59
AL424,A130
AL425,A222
AL426,A223
AL427,A23
AL428,A224
AL429,A32
AL430,A8
AL431,A225
AL432,A226
AL433,A2
AL434,A98
AL435,A72
AL436,A227
AL437,A228
AL438,A72
AL439,A146
AL264,A229
AL440,A18
AL440,A19
AL441,A228
AL442,A189
AL443,A230
AL444,A59
AL445,A146
AL446,A54
AL447,A231
AL448,A20
AL448,A70
AL449,A173
AL450,A58
AL451,A98
AL452,A146
AL453,A209
AL454,A212
AL455,A232
AL456,A90
AL456,A91
AL456,A92
AL457,A154
AL458,A233
AL459,A234
AL460,A103
AL461,A68
AL461,A69
AL462,A32
AL462,A14
AL463,A226
AL464,A15
AL465,A197
AL466,A103
AL467,A184
AL468,A235
AL469,A236
AL470,A237
AL471,A41
AL472,A238
AL430,A128
AL473,A106
AL474,A146
AL475,A10
AL476,A239
AL477,A34
AL478,A7
AL479,A240
AL480,A241
AL481,A167
AL482,A188
AL483,A242
AL484,A175
AL485,A59
AL486,A59
AL487,A130
AL488,A23
AL426,A243
AL426,A244
AL489,A245
AL490,A246
AL491,A116
AL492,A247
AL493,A248
AL494,A158
AL495,A160
AL496,A20
AL497,A33
AL498,A249
AL499,A5
AL500,A60
AL501,A18
AL501,A19
AL502,A148
AL142,A41
AL503,A250
AL504,A146
AL505,A251
AL120,A214
AL506,A1
AL507,A146
AL508,A3
AL509,A20
AL510,A26
AL510,A252
AL511,A215
AL512,A20
AL513,A253
AL514,A3
AL515,A254
AL516,A146
AL517,A49
AL518,A255
AL519,A256
AL519,A257
AL519,A43
AL520,A93
AL521,A158
AL522,A258
AL523,A211
AL356,A259
AL524,A260
AL525,A260
AL43,A260
AL526,A261
AL527,A32
AL528,A242
AL529,A262
AL530,A161
AL531,A167
AL531,A168
AL19,A263
AL532,A37
AL533,A133
AL67,A264
AL534,A175
AL535,A54
AL536,A186
AL537,A7
AL538,A182
AL539,A265
AL540,A34
AL540,A266
AL541,A45
AL542,A267
AL542,A268
AL542,A269
AL542,A270
AL543,A231
AL544,A130
AL545,A271
AL546,A130
AL547,A149
AL548,A218
AL549,A272
AL550,A153
AL551,A234
AL552,A273
AL553,A177
AL554,A219
AL555,A273
AL556,A211
AL426,A274
AL557,A186
AL558,A1
AL559,A271
AL560,A216
AL561,A44
AL562,A1
AL563,A275
AL563,A276
AL564,A189
AL565,A170
AL566,A277
AL567,A135
AL568,A97
AL569,A278
AL570,A3
AL571,A73
AL572,A279
AL573,A2
AL574,A280
AL575,A281
AL576,A10
AL577,A59
AL578,A265
AL579,A49
AL580,A87
AL578,A282
AL578,A283
AL578,A284
AL581,A285
AL582,A125
AL583,A43
AL584,A286
AL585,A255
AL586,A287
AL587,A222
AL588,A208
AL589,A288
AL426,A289
AL426,A290
AL590,A112
AL591,A158
AL592,A1
AL593,A291
AL594,A292
AL595,A225
AL596,A293
AL597,A61
AL598,A294
AL599,A119
AL600,A5
AL601,A50
AL602,A281
AL603,A295
AL604,A6
AL605,A39
AL606,A296
AL606,A297
AL607,A298
AL608,A299
AL609,A300
AL610,A50
AL611,A186
AL612,A189
AL613,A59
AL614,A301
AL615,A106
AL616,A175
AL617,A203
AL618,A302
AL619,A303
AL620,A202
AL426,A282
AL426,A283
AL426,A284
AL621,A304
AL622,A112
AL623,A305
AL624,A222
AL625,A158
AL626,A114
AL627,A233
AL628,A115
AL629,A306
AL630,A199
AL630,A307
AL631,A308
AL220,A150
AL632,A36
AL633,A309
AL634,A13
AL635,A72
AL636,A310
AL636,A311
AL636,A312
AL636,A313
AL637,A314
AL638,A163
AL639,A315
AL639,A316
AL640,A251
AL539,A317
AL641,A23
AL641,A24
AL642,A146
AL643,A318
AL187,A39
AL644,A281
AL645,A26
AL646,A319
AL647,A73
AL648,A204
AL649,A222
AL650,A255
AL651,A282
AL652,A44
AL653,A112
AL654,A320
AL655,A321
AL656,A224
AL657,A211
AL658,A205
AL658,A322
AL659,A323
AL660,A103
AL56,A141
AL661,A13
AL662,A150
AL663,A137
AL663,A138
AL664,A324
AL665,A168
AL666,A181
AL667,A294
AL187,A325
AL668,A326
AL669,A327
AL514,A8
AL670,A3
AL671,A275
AL671,A276
AL672,A328
AL673,A146
AL674,A99
AL675,A329
AL676,A18
AL676,A19
AL676,A330
AL677,A245
AL678,A59
AL679,A331
AL680,A255
AL681,A332
AL682,A333
AL683,A112
AL426,A265
AL684,A334
AL685,A243
AL685,A335
AL686,A208
AL687,A258
AL687,A336
AL426,A337
AL688,A115
AL689,A32
AL690,A5
AL691,A145
AL692,A338
AL693,A36
AL694,A20
AL695,A339
AL695,A340
AL696,A341
AL697,A121
AL698,A318
AL699,A280
AL700,A295
AL701,A146
AL702,A342
AL703,A294
AL704,A218
AL704,A343
AL705,A146
AL255,A22
AL539,A244
AL706,A175
AL707,A167
AL708,A230
AL709,A344
AL710,A331
AL711,A345
AL712,A346
AL578,A274
AL713,A347
AL714,A158
AL715,A348
AL716,A208
AL717,A211
AL718,A94
AL719,A246
AL720,A158
AL721,A349
AL721,A350
AL721,A351
AL722,A352
AL723,A352
AL724,A352
AL725,A352
AL726,A352
AL722,A353
AL727,A354
AL728,A355
AL729,A354
AL729,A356
AL726,A357
AL726,A358
AL726,A359
AL726,A360
AL730,A361
AL730,A362
AL731,A352
AL731,A363
AL731,A364
AL732,A354
AL732,A365
AL733,A354
AL731,A366
AL734,A367
AL726,A368
AL735,A352
AL736,A369
AL737,A352
AL738,A370
AL739,A371
AL740,A372
AL741,A352
AL742,A354
AL743,A354
AL744,A373
AL745,A354
AL745,A374
AL729,A375
AL729,A376
AL746,A361
AL747,A354
AL747,A377
AL747,A378
AL747,A379
AL748,A354
AL749,A380
AL750,A361
AL750,A381
AL751,A352
AL752,A354
AL753,A382
AL754,A354
AL754,A383
AL755,A380
AL752,A384
AL752,A385
AL756,A386
AL757,A369
AL757,A387
AL733,A388
AL732,A356
AL758,A355
AL759,A389
AL760,A389
AL761,A390
AL762,A389
AL761,A389
AL763,A390
AL763,A389
AL763,A391
AL764,A392
AL765,A393
AL766,A394
AL766,A395
AL767,A352
AL768,A354
AL768,A374
AL768,A396
AL769,A361
AL770,A380
AL770,A397
AL771,A398
AL772,A380
AL773,A392
AL774,A399
AL774,A400
AL775,A401
AL775,A402
AL776,A354
AL776,A403
AL777,A361
AL778,A404
AL779,A352
AL780,A405
AL781,A361
AL782,A354
AL783,A355
AL732,A406
AL784,A407
AL785,A382
AL786,A361
AL787,A389
AL788,A389
AL789,A408
AL790,A409
AL791,A361
AL792,A389
AL792,A410
AL793,A389
AL794,A389
AL795,A380
AL796,A389
AL797,A411
AL798,A394
AL799,A412
AL800,A413
AL801,A414
AL802,A355
AL803,A415
AL804,A409
AL804,A416
AL805,A417
AL806,A418
AL807,A355
AL808,A367
AL808,A419
AL809,A361
AL810,A420
AL811,A420
AL812,A367
AL813,A354
AL814,A361
AL770,A421
AL770,A422
AL815,A423
AL732,A424
AL732,A425
AL816,A380
AL817,A426
AL782,A427
AL732,A428
AL757,A352
AL818,A429
AL818,A430
AL819,A380
AL820,A349
AL820,A431
AL821,A411
AL822,A349
AL822,A432
AL823,A433
AL824,A434
AL825,A435
AL826,A398
AL827,A436
AL828,A437
AL828,A438
AL828,A439
AL829,A440
AL829,A441
AL830,A361
AL831,A442
AL831,A351
AL832,A436
AL833,A443
AL834,A444
AL835,A445
AL836,A446
AL837,A369
AL838,A380
AL770,A447
AL839,A448
AL840,A426
AL732,A449
AL732,A450
AL841,A451
AL841,A452
AL842,A453
AL843,A372
AL844,A454
AL844,A455
AL845,A456
AL845,A457
AL845,A458
AL845,A459
AL846,A436
AL847,A445
AL847,A460
AL848,A436
AL849,A361
AL850,A413
AL851,A414
AL852,A461
AL852,A462
AL853,A463
AL853,A464
AL854,A465
AL855,A453
AL856,A436
AL857,A380
AL858,A466
AL859,A361
AL860,A418
AL861,A467
AL862,A367
AL863,A461
AL863,A468
AL864,A369
AL865,A367
AL865,A469
AL866,A405
AL812,A470
AL867,A471
AL867,A472
AL867,A473
AL868,A386
AL837,A474
AL869,A429
AL869,A475
AL869,A476
AL732,A375
AL732,A477
AL870,A408
AL772,A478
AL772,A479
AL871,A354
AL871,A480
AL872,A392
AL873,A481
AL874,A482
AL874,A483
AL875,A405
AL876,A372
AL876,A484
AL877,A434
AL877,A485
AL878,A390
AL879,A437
AL880,A443
AL881,A486
AL882,A487
AL882,A488
AL883,A489
AL883,A490
AL884,A491
AL885,A433
AL886,A440
AL879,A492
AL887,A414
AL887,A493
AL888,A487
AL888,A494
AL888,A495
AL889,A496
AL889,A497
AL889,A498
AL890,A481
AL890,A499
AL891,A500
AL892,A501
AL893,A502
AL894,A491
AL895,A461
AL895,A503
AL896,A487
AL896,A488
AL897,A386
AL898,A408
AL839,A504
AL899,A505
AL732,A443
AL900,A386
AL901,A349
AL901,A506
AL902,A507
AL903,A508
AL904,A500
AL905,A434
AL905,A509
AL906,A510
AL906,A511
AL907,A512
AL908,A394
AL908,A395
AL909,A513
AL910,A361
AL911,A448
AL911,A514
AL912,A515
AL913,A435
AL914,A516
AL915,A386
AL916,A399
AL916,A517
AL917,A372
AL918,A401
AL826,A387
AL919,A518
AL919,A519
AL920,A352
AL921,A436
AL922,A393
AL923,A367
AL924,A355
AL925,A520
AL926,A521
AL927,A369
AL928,A386
AL928,A522
AL772,A523
AL929,A349
AL929,A524
AL930,A525
AL930,A387
AL931,A526
AL932,A527
AL932,A528
AL932,A529
AL932,A530
AL932,A531
AL932,A532
AL932,A533
AL932,A534
AL932,A535
AL932,A536
AL933,A510
AL934,A537
AL934,A538
AL888,A539
AL935,A540
AL935,A541
AL935,A542
AL936,A543
AL937,A544
AL937,A545
AL938,A404
AL939,A392
AL940,A546
AL941,A349
AL941,A547
AL941,A548
AL879,A549
AL942,A550
AL943,A551
AL943,A552
AL944,A553
AL945,A554
AL946,A555
AL947,A556
AL729,A449
AL948,A557
AL949,A361
AL950,A558
AL951,A554
AL837,A559
AL952,A445
AL953,A426
AL954,A370
AL955,A436
AL867,A560
AL956,A436
AL957,A561
AL958,A392
AL959,A361
AL960,A393
AL961,A507
AL962,A562
AL962,A563
AL963,A564
AL964,A565
AL964,A390
AL965,A426
AL966,A566
AL929,A567
AL879,A568
AL879,A569
AL967,A435
AL968,A437
AL969,A409
AL970,A546
AL971,A538
AL971,A570
AL972,A401
AL973,A571
AL974,A572
AL975,A573
AL976,A574
AL977,A575
AL978,A445
AL979,A361
AL980,A550
AL981,A471
AL982,A355
AL983,A369
AL984,A426
AL985,A526
AL986,A576
AL987,A577
AL987,A578
AL988,A429
AL782,A356
AL989,A408
AL990,A370
AL991,A415
AL992,A579
AL993,A580
AL994,A465
AL995,A500
AL996,A393
AL996,A581
AL997,A582
AL998,A583
AL999,A584
AL882,A585
AL813,A424
AL813,A425
AL1000,A413
AL1001,A544
AL981,A586
AL1002,A500
AL1003,A587
AL1004,A361
AL1005,A588
AL1005,A589
AL1005,A590
AL1006,A587
AL1006,A591
AL1007,A471
AL1007,A472
AL1007,A473
AL1008,A513
AL1008,A592
AL1008,A593
AL1009,A433
AL1009,A594
AL856,A595
AL1010,A354
AL1010,A596
AL1011,A405
AL1012,A488
AL1012,A597
AL1012,A598
AL773,A599
AL773,A600
AL1013,A392
AL1013,A601
AL1013,A602
AL1013,A603
AL1014,A349
AL1014,A506
AL1015,A527
AL1016,A434
AL1016,A604
AL1017,A605
AL1018,A606
AL1019,A607
AL1020,A608
AL872,A609
AL872,A610
AL872,A611
AL1021,A516
AL1022,A553
AL1023,A580
AL1024,A612
AL1024,A613
AL1024,A614
AL1025,A615
AL888,A616
AL1026,A487
AL1026,A539
AL1026,A617
AL1027,A404
AL1028,A392
AL826,A618
AL1029,A577
AL1029,A619
AL1030,A370
AL1031,A390
AL1031,A620
AL1032,A423
AL1032,A621
AL729,A450
AL1033,A622
AL1033,A598
AL1034,A391
AL757,A358
AL1035,A355
AL1036,A429
AL1037,A623
AL1038,A393
AL1038,A624
AL1038,A625
AL1039,A394
AL1040,A405
AL1040,A626
AL1041,A551
AL1041,A544
AL1042,A627
AL1043,A524
AL1044,A628
AL1044,A352
AL877,A509
AL1045,A629
AL1046,A630
AL1047,A631
AL1048,A615
AL1048,A632
AL1049,A404
AL1050,A386
AL1051,A373
AL1052,A583
AL1053,A415
AL1054,A583
AL1054,A633
AL1055,A481
AL1056,A471
AL1057,A634
AL1057,A635
AL1058,A537
AL1058,A636
AL1040,A637
AL1040,A638
AL1040,A639
AL1059,A640
AL775,A379
AL812,A469
AL1060,A466
AL1060,A641
AL1061,A554
AL1062,A516
AL1063,A642
AL1064,A392
AL1065,A392
AL1065,A643
AL1066,A411
AL1067,A481
AL1068,A510
AL1069,A644
AL1070,A631
AL1071,A645
AL1071,A646
AL1072,A516
AL1073,A631
AL1074,A647
AL1075,A513
AL1075,A592
AL1076,A380
AL1077,A448
AL1078,A380
AL1079,A354
AL1079,A648
AL1080,A487
AL1081,A466
AL1082,A627
AL1083,A389
AL1083,A649
AL1010,A650
AL856,A651
AL1084,A521
AL1085,A652
AL1086,A653
AL1087,A514
AL1087,A594
AL1088,A429
AL1088,A654
AL1088,A476
AL1089,A555
AL1090,A482
AL1090,A655
AL1091,A349
AL1091,A656
AL1092,A390
AL1093,A463
AL1094,A349
AL1094,A506
AL1095,A434
AL1095,A657
AL1095,A509
AL992,A551
AL992,A349
AL1096,A658
AL1097,A659
AL1098,A660
AL1099,A546
AL1100,A349
AL1101,A588
AL1101,A661
AL1101,A662
AL1101,A663
AL963,A664
AL1102,A660
AL1103,A665
AL1103,A666
AL1103,A667
AL1104,A488
AL1104,A597
AL1105,A453
AL1106,A369
AL1107,A393
AL1108,A354
AL1109,A668
AL1110,A391
AL1111,A526
AL1112,A481
AL813,A428
AL1010,A669
AL1113,A420
AL1114,A380
AL1115,A389
AL1116,A579
AL1116,A670
AL1117,A436
AL1118,A543
AL1118,A671
AL1118,A672
AL1119,A414
AL905,A673
AL1120,A524
AL1121,A401
AL1122,A543
AL1019,A674
AL1123,A675
AL1123,A356
AL1124,A631
AL1125,A382
AL1126,A436
AL1127,A543
AL1128,A487
AL1129,A676
AL893,A677
AL1130,A404
AL1131,A370
AL1132,A471
AL1132,A678
AL1133,A429
AL1102,A679
AL813,A443
AL1134,A561
AL1134,A680
AL1135,A482
AL1136,A565
AL1137,A681
AL1138,A682
AL1139,A683
AL1140,A442
AL1141,A562
AL1142,A652
AL1143,A434
AL1143,A485
AL1144,A571
AL1123,A684
AL1145,A685
AL1146,A515
AL1147,A686
AL1148,A687
AL1149,A389
AL1150,A688
AL1150,A565
AL1151,A689
AL1151,A690
AL1152,A409
AL1153,A691
AL1153,A692
AL1154,A409
AL1154,A693
AL1155,A433
AL1156,A409
AL1157,A694
AL1157,A695
AL747,A396
AL747,A374
AL1158,A405
AL1159,A526
AL1160,A389
AL1161,A389
AL1162,A696
AL1163,A697
AL1164,A580
AL1165,A698
AL1166,A426
AL1167,A537
AL1168,A584
AL1169,A629
AL1170,A699
AL1171,A629
AL1172,A487
AL1172,A700
AL1173,A466
AL1026,A585
AL1026,A701
AL1174,A702
AL1175,A561
AL1175,A703
AL1175,A704
AL1172,A488
AL1176,A705
AL1177,A706
AL1075,A707
AL1178,A516
AL1179,A575
AL1180,A471
AL1180,A708
AL1180,A472
AL956,A709
AL1181,A561
AL1182,A433
AL1183,A710
AL1184,A465
AL1184,A711
AL1185,A712
AL1185,A713
AL1186,A481
AL1186,A499
AL1187,A714
AL1188,A715
AL1188,A716
AL1189,A671
AL1189,A717
AL1190,A551
AL1190,A544
AL1154,A416
AL1191,A685
AL1192,A583
AL1193,A440
AL1194,A718
AL1195,A575
AL1196,A719
AL919,A720
AL1197,A721
AL1198,A722
AL1198,A723
AL1199,A668
AL1200,A623
AL1058,A524
AL1201,A409
AL1201,A724
AL812,A725
AL1186,A726
AL1202,A526
AL1203,A555
AL1204,A505
AL1205,A647
AL1206,A454
AL1207,A727
AL1208,A686
AL1209,A482
AL1209,A728
AL1141,A729
AL1210,A372
AL1210,A484
AL1211,A524
AL1212,A694
AL1213,A500
AL1214,A554
AL1007,A730
AL1132,A473
AL1151,A731
AL1151,A732
AL1215,A733
AL1216,A390
AL1217,A515
AL1217,A734
AL1218,A405
AL1219,A735
AL1220,A390
AL1221,A405
AL1222,A380
AL1223,A735
AL1224,A736
AL1225,A737
AL1226,A736
AL1227,A736
AL1228,A738
AL1228,A739
AL1229,A740
AL1230,A741
AL1231,A742
AL1232,A743
AL1233,A744
AL1234,A742
AL1235,A745
AL1236,A745
AL1237,A746
AL1238,A745
AL1239,A746
AL1239,A747
AL1240,A745
AL81,A746
AL1241,A745
AL1242,A746
AL1243,A748
AL1244,A745
AL1245,A746
AL1240,A749
AL1246,A746
AL1246,A750
AL1246,A751
AL1247,A746
AL1247,A745
AL1248,A752
AL1249,A752
AL1250,A745
AL1251,A745
AL1252,A746
AL1252,A753
AL1253,A746
AL1253,A754
AL1252,A754
AL1254,A746
AL1254,A754
AL1255,A749
AL1255,A151
AL78,A746
AL78,A753
AL1256,A745
AL78,A754
AL1257,A755
AL78,A756
AL1258,A745
AL1259,A746
AL1259,A754
AL1260,A736
AL1260,A757
AL1261,A758
AL1262,A759
AL1263,A760
AL1264,A759
AL1265,A761
AL1266,A762
AL1267,A763
AL1267,A764
AL1268,A765
AL1269,A766
AL1270,A767
AL1270,A749
AL1271,A749
AL1268,A749
AL1272,A749
AL1236,A749
AL1242,A749
AL1273,A766
AL1245,A749
AL1274,A749
AL1275,A749
AL1275,A151
AL1236,A767
AL1248,A767
AL1249,A767
AL1276,A768
AL1241,A749
AL78,A749
AL1277,A749
AL1278,A766
AL78,A768
AL1252,A749
AL1279,A769
AL1250,A765
AL1249,A770
AL1248,A770
AL1241,A767
AL1259,A749
AL1280,A736
AL1281,A771
AL1282,A758
AL1283,A758
AL1284,A745
AL1285,A746
AL1286,A742
AL1287,A745
AL1288,A767
AL1289,A772
AL1274,A773
AL1239,A774
AL1239,A775
AL1277,A776
AL78,A776
AL1290,A777
AL1290,A778
AL1291,A773
AL1290,A779
AL1290,A780
AL1290,A781
AL1272,A773
AL1242,A773
AL1259,A776
AL1271,A776
AL81,A776
AL81,A782
AL1245,A776
AL1245,A782
AL1292,A783
AL1293,A783
AL1294,A784
AL1295,A784
AL1296,A784
AL1297,A777
AL1297,A785
AL1290,A786
AL1238,A787
AL1294,A783
AL21,A787
AL1296,A788
AL1292,A784
AL1297,A789
AL1297,A790
AL1290,A791
AL1298,A777
AL1299,A21
AL1300,A792
AL1300,A793
AL1301,A758
AL1302,A773
AL1303,A774
AL1304,A767
AL1305,A794
AL1305,A795
AL1306,A796
AL1307,A796
AL1308,A741
AL1309,A741
AL1252,A776
AL1295,A794
AL1295,A795
AL1310,A797
AL1311,A794
AL1311,A795
AL1296,A794
AL1296,A795
AL1243,A741
AL1295,A797
AL1292,A797
AL1312,A798
AL1256,A743
AL1258,A743
AL1255,A743
AL1313,A776
AL1314,A794
AL1315,A797
AL80,A776
AL1294,A797
AL1242,A776
AL1314,A797
AL1311,A797
AL1316,A797
AL1296,A797
AL1276,A797
AL1317,A797
AL1291,A776
AL1318,A797
AL1258,A798
AL1278,A799
AL1255,A798
AL1269,A799
AL1319,A800
AL1320,A21
AL1321,A801
AL1322,A765
AL1323,A802
AL1324,A803
AL1325,A804
AL1326,A805
AL1327,A806
AL1328,A807
AL1329,A808
AL1330,A771
AL25,A741
AL1331,A741
AL1332,A741
AL1333,A771
AL1240,A771
AL1334,A741
AL1255,A809
AL81,A810
AL1335,A771
AL1274,A811
AL1272,A805
AL1249,A812
AL1256,A771
AL78,A811
AL1252,A811
AL1336,A812
AL1337,A771
AL1337,A813
AL1255,A771
AL1271,A810
AL1245,A811
AL1274,A810
AL1305,A810
AL81,A814
AL1276,A815
AL1338,A810
AL1242,A810
AL1276,A810
AL1339,A815
AL1291,A810
AL1259,A811
AL78,A810
AL1339,A810
AL1291,A811
AL1243,A816
AL1340,A809
AL1341,A763
AL1341,A764
AL1342,A738
AL1343,A817
AL1344,A818
AL1345,A819
AL1346,A740
AL1347,A743
AL1347,A820
AL1348,A740
AL1349,A745
AL1350,A821
AL1242,A802
AL1351,A802
AL1352,A802
AL1353,A802
AL78,A802
AL1237,A822
AL1291,A802
AL1294,A823
AL81,A822
AL1271,A822
AL1314,A822
AL1296,A822
AL1268,A822
AL1354,A824
AL1291,A822
AL1339,A822
AL1292,A823
AL1293,A825
AL1293,A826
AL1305,A825
AL1268,A827
AL1295,A825
AL1311,A825
AL1276,A825
AL1292,A825
AL1338,A825
AL1296,A825
AL1294,A825
AL1315,A825
AL1339,A827
AL1291,A827
AL1355,A738
AL1356,A736
AL1357,A828
AL1358,A829
AL1359,A830
AL1360,A758
AL1361,A745
AL1362,A831
AL1363,A828
AL1364,A827
AL1365,A822
AL34,A829
AL1271,A829
AL1293,A832
AL81,A760
AL1270,A833
AL1366,A478
AL1367,A834
AL1368,A833
AL1369,A834
AL1369,A835
AL1236,A833
AL1367,A836
AL1291,A760
AL1370,A837
AL78,A834
AL277,A829
AL1275,A833
AL1312,A833
AL1241,A833
AL1258,A833
AL1256,A833
AL1371,A838
AL1242,A827
AL1255,A833
AL1372,A839
AL1243,A833
AL1298,A840
AL1372,A837
AL1373,A841
AL1374,A837
AL1375,A736
AL1376,A842
AL1377,A843
AL1378,A740
AL1379,A771
AL1380,A741
AL1381,A844
AL1382,A845
AL1383,A846
AL1383,A847
AL1384,A742
AL1385,A848
AL1386,A849
AL1387,A835
AL1388,A21
AL1388,A850
AL1388,A851
AL1255,A800
AL1389,A852
AL1390,A853
AL81,A854
AL1338,A853
AL1317,A853
AL1305,A853
AL1391,A853
AL1392,A855
AL1249,A855
AL1291,A853
AL1392,A856
AL1393,A857
AL1394,A858
AL1392,A859
AL78,A860
AL78,A861
AL1243,A862
AL1367,A863
AL1298,A864
AL1367,A865
AL1367,A866
AL1395,A867
AL1396,A868
AL1397,A854
AL1398,A748
AL1399,A748
AL1400,A745
AL1401,A744
AL1402,A869
AL1403,A860
AL1404,A870
AL1405,A871
AL1406,A834
AL1407,A872
AL1408,A873
AL1409,A874
AL1410,A808
AL1411,A875
AL1412,A824
AL1413,A862
AL1391,A876
AL1414,A877
AL1415,A878
AL1416,A877
AL1338,A860
AL1243,A879
AL1417,A880
AL1277,A881
AL1312,A882
AL1418,A883
AL1312,A878
AL1249,A878
AL1419,A877
AL1419,A884
AL1420,A877
AL1420,A885
AL1271,A880
AL1268,A880
AL1277,A880
AL1243,A878
AL1370,A886
AL1339,A880
AL1372,A886
AL1372,A887
AL1421,A888
AL1422,A736
AL1423,A889
AL1424,A890
AL1425,A736
AL1426,A737
AL1427,A843
AL1428,A891
AL1429,A879
AL1430,A759
AL1431,A804
AL1432,A742
AL1433,A871
AL1434,A872
AL1434,A892
AL1435,A849
AL1436,A893
AL1437,A834
AL1438,A894
AL1419,A895
AL1439,A896
AL1270,A897
AL1292,A898
AL1277,A899
AL1273,A895
AL1298,A900
AL1247,A898
AL1310,A901
AL1273,A902
AL1279,A903
AL1440,A857
AL1279,A904
AL1441,A905
AL1298,A903
AL1279,A906
AL1442,A907
AL1443,A758
AL1444,A908
AL1445,A801
AL1446,A763
AL1447,A909
AL1448,A853
AL1449,A749
AL1450,A773
AL1451,A910
AL1452,A803
AL1453,A765
AL1454,A911
AL1455,A767
AL1456,A912
AL1457,A821
AL1458,A834
AL1459,A808
AL1460,A913
AL1461,A867
AL1462,A914
AL1273,A915
AL1273,A916
AL1463,A917
AL1243,A918
AL1464,A919
AL1465,A311
AL1466,A920
AL1253,A311
AL1254,A311
AL1277,A921
AL1370,A922
AL1249,A918
AL78,A311
AL1467,A923
AL1279,A875
AL1468,A924
AL1469,A808
AL1470,A809
AL1471,A832
AL1455,A742
AL1472,A925
AL1473,A748
AL1474,A815
AL1475,A740
AL1476,A853
AL1477,A756
AL1478,A926
AL1479,A806
AL1292,A927
AL1480,A928
AL1481,A894
AL1482,A928
AL1329,A929
AL1483,A930
AL1484,A867
AL1485,A875
AL1486,A931
AL1487,A874
AL1487,A932
AL1488,A824
AL1489,A933
AL1490,A934
AL1491,A935
AL1492,A875
AL1367,A892
AL78,A936
AL1252,A936
AL1277,A937
AL1297,A938
AL1259,A936
AL1493,A875
AL1298,A931
AL1494,A939
AL1495,A940
AL1496,A941
AL1496,A942
AL1497,A888
AL1498,A817
AL1499,A943
AL1500,A811
AL1501,A759
AL1502,A809
AL1503,A944
AL1504,A945
AL1505,A946
AL1506,A798
AL1507,A909
AL1508,A947
AL1509,A928
AL1510,A948
AL1511,A949
AL1512,A948
AL1513,A808
AL1514,A950
AL1329,A951
AL1515,A952
AL1293,A953
AL1516,A808
AL1517,A896
AL1518,A799
AL1274,A936
AL1519,A954
AL1519,A955
AL1520,A956
AL1521,A857
AL1367,A957
AL1522,A874
AL1277,A958
AL1523,A952
AL1524,A959
AL1524,A960
AL1525,A961
AL1526,A875
AL1526,A962
AL1527,A808
AL1528,A748
AL1529,A963
AL1530,A835
AL1531,A830
AL1532,A964
AL1533,A965
AL1534,A947
AL1535,A783
AL1536,A867
AL1537,A864
AL1538,A914
AL1539,A966
AL1312,A959
AL1249,A967
AL1271,A958
AL1540,A968
AL1277,A969
AL1541,A970
AL277,A971
AL41,A972
AL1542,A973
AL1292,A974
AL1312,A975
AL1543,A970
AL1336,A967
AL1544,A886
AL1252,A971
AL1367,A976
AL1367,A977
AL1253,A971
AL1294,A974
AL1339,A969
AL78,A971
AL1255,A959
AL1336,A978
AL1259,A971
AL1276,A974
AL1545,A974
AL1546,A964
AL1286,A979
AL1547,A803
AL1548,A980
AL1549,A981
AL1550,A804
AL1551,A810
AL1552,A746
AL1553,A982
AL1554,A898
AL1555,A745
AL1556,A767
AL1557,A983
AL1461,A984
AL1558,A985
AL1559,A928
AL1560,A986
AL1561,A930
AL1562,A913
AL1563,A987
AL1367,A988
AL1277,A989
AL1564,A858
AL1565,A990
AL1566,A917
AL1292,A989
AL38,A972
AL1249,A991
AL1567,A920
AL1392,A991
AL78,A992
AL1568,A993
AL1569,A994
AL1570,A995
AL1571,A996
AL1572,A996
AL1573,A761
AL1573,A997
AL1574,A998
AL1575,A758
AL1576,A774
AL1576,A999
AL1577,A1000
AL1578,A965
AL1579,A1001
AL1580,A876
AL1581,A743
AL1582,A831
AL1583,A804
AL1584,A767
AL1585,A1002
AL1586,A1003
AL1587,A1004
AL1588,A756
AL1589,A857
AL1590,A1005
AL1591,A875
AL75,A806
AL75,A834
AL1592,A993
AL1593,A1006
AL1367,A1007
AL1545,A1008
AL1594,A970
AL1595,A1009
AL1315,A1008
AL1596,A1010
AL1316,A1008
AL1597,A1011
AL1598,A1008
AL1276,A1008
AL1599,A994
AL1318,A1008
AL1600,A920
AL1298,A1012
AL1601,A479
AL1601,A1013
AL1602,A736
AL1603,A1014
AL1604,A743
AL1604,A1015
AL1605,A1016
AL1606,A736
AL1606,A1017
AL1607,A21
AL1608,A965
AL1609,A1018
AL1610,A773
AL1611,A1019
AL1612,A849
AL1613,A1020
AL1614,A845
AL1615,A1021
AL1616,A1022
AL1617,A874
AL1618,A1004
AL1619,A935
AL1620,A894
AL1621,A799
AL1622,A1023
AL1623,A857
AL1623,A1024
AL1624,A1025
AL1625,A993
AL1625,A1026
AL1626,A903
AL1627,A1027
AL1628,A875
AL1629,A928
AL1630,A1028
AL1631,A973
AL1632,A904
AL1633,A858
AL1305,A1008
AL1249,A1029
AL1248,A1029
AL1338,A1008
AL1634,A961
AL1635,A917
AL1635,A1030
AL1636,A920
AL1637,A1031
AL1241,A1029
AL1638,A996
AL1639,A752
AL1640,A946
AL1641,A759
AL1642,A849
AL1643,A831
AL1644,A965
AL1645,A21
AL1646,A1032
AL1646,A738
AL1647,A1033
AL1648,A796
AL1649,A812
AL1650,A787
AL1651,A1034
AL1651,A1035
AL1652,A783
AL1653,A777
AL1654,A1036
AL1655,A922
AL1656,A1037
AL1657,A1038
AL1658,A1039
AL1659,A1039
AL1248,A1040
AL1660,A875
AL1661,A1041
AL1392,A1040
AL1367,A1042
AL1316,A1043
AL1662,A920
AL1663,A1044
AL1664,A1045
AL1665,A1046
AL1632,A1047
AL1666,A1048
AL1666,A1049
AL1667,A1050
AL1668,A802
AL1669,A797
AL1670,A742
AL173,A742
AL173,A1051
AL1671,A1052
AL1672,A1053
AL1673,A743
AL1674,A1054
AL1675,A936
AL1676,A1055
AL1677,A766
AL1678,A873
AL1239,A1056
AL1679,A1057
AL1680,A787
AL1681,A1050
AL1682,A1058
AL1683,A766
AL1684,A886
AL1685,A1012
AL1686,A1059
AL1687,A1060
AL1688,A1056
AL1689,A1061
AL1690,A857
AL1691,A824
AL1692,A1062
AL1693,A841
AL1292,A1063
AL1694,A1064
AL1695,A995
AL1293,A1063
AL1293,A1065
AL1696,A924
AL1697,A1066
AL1698,A1067
AL1699,A746
AL1700,A1000
AL1234,A1068
AL1701,A848
AL1702,A1069
AL1703,A1000
AL1704,A1018
AL1705,A792
AL1705,A1070
AL1706,A1071
AL1707,A1072
AL1708,A1054
AL1709,A1053
AL1710,A928
AL1711,A1073
AL1712,A1074
AL1713,A915
AL1714,A1075
AL1714,A1076
AL1715,A1022
AL1716,A777
AL1717,A808
AL1718,A966
AL1719,A857
AL1720,A1077
AL1720,A917
AL1721,A1037
AL1721,A1078
AL1722,A799
AL1723,A934
AL1724,A994
AL1249,A1079
AL1725,A961
AL1726,A1080
AL1727,A479
AL1728,A1081
AL1729,A933
AL1730,A917
AL1731,A857
AL1336,A1079
AL1732,A928
AL1733,A995
AL1734,A1082
AL1734,A1083
AL1734,A1084
AL1735,A1085
AL1736,A1086
AL1736,A1087
AL1736,A1088
AL1737,A1089
AL1738,A1089
AL1739,A1090
AL1740,A1091
AL1741,A1090
AL1236,A1092
AL1312,A1093
AL1256,A1093
AL1256,A1094
AL1258,A1093
AL1249,A1092
AL1248,A1092
AL1742,A1089
AL1251,A1091
AL1251,A1095
AL1244,A1091
AL1244,A1095
AL1743,A1091
AL1743,A1095
AL1256,A1091
AL1241,A1091
AL1240,A1091
AL1270,A1091
AL1744,A1091
AL1745,A1091
AL1330,A1091
AL1309,A1091
AL1332,A1091
AL1275,A1091
AL1746,A1091
AL1255,A1091
AL1512,A1096
AL1747,A1096
AL1338,A1096
AL1249,A1097
AL1372,A1098
AL1305,A1096
AL1317,A1096
AL1318,A1096
AL81,A1096
AL1278,A1098
AL1391,A1096
AL1315,A1096
AL1248,A1097
AL1273,A1098
AL1273,A789
AL1420,A1098
AL1420,A1099
AL1748,A1100
AL1748,A1101
AL1749,A1089
AL1276,A1102
AL1315,A1102
AL1295,A1102
AL1249,A1103
AL1314,A1102
AL1236,A1103
AL1256,A1103
AL1243,A1103
AL1269,A1098
AL1248,A1103
AL1750,A1098
AL1751,A1103
AL1372,A1104
AL1269,A1104
AL1752,A1082
AL1752,A1084
AL1753,A1082
AL1753,A1083
AL1753,A1084
AL1753,A1105
AL1754,A1090
AL1755,A1085
AL1251,A1085
AL1756,A1085
AL21,A1085
AL1757,A1085
AL1758,A1085
AL1244,A1085
AL1256,A1085
AL1332,A1085
AL1759,A1085
AL1308,A1085
AL1760,A1085
AL1330,A1085
AL1761,A1085
AL1762,A1085
AL1333,A1085
AL1763,A1085
AL1764,A1085
AL73,A1085
AL1765,A1085
AL1766,A1085
AL1766,A1106
AL1767,A1085
AL1767,A1106
AL1743,A1085
AL1743,A1106
AL1768,A1085
AL1769,A1085
AL1769,A1106
AL1770,A1085
AL1275,A1085
AL1235,A1085
AL1255,A1085
AL1771,A1085
AL1771,A1106
AL1294,A1102
AL1338,A1102
AL1772,A1102
AL1296,A1102
AL1247,A1102
AL1773,A1102
AL1774,A1107
AL1774,A1108
AL1775,A1089
AL1775,A1109
AL1776,A1100
AL1776,A1101
AL1777,A1110
AL1778,A1111
AL1779,A1112
AL1780,A1086
AL1780,A1087
AL1780,A1088
AL1781,A1097
AL1782,A1113
AL1783,A1111
AL1784,A1114
AL1785,A1115
AL1785,A1116
AL1786,A1115
AL1786,A1116
AL1787,A1115
AL1787,A1116
AL1788,A1115
AL1788,A1116
AL1270,A1117
AL1292,A1118
AL1256,A1117
AL1249,A1117
AL1241,A1117
AL1236,A1117
AL1248,A1117
AL1789,A1093
AL1789,A1119
AL1789,A1120
AL1790,A1093
AL1791,A1121
AL1792,A1089
AL1339,A776
AL561,A1091
AL561,A1095
AL1793,A1122
AL1794,A1093
AL1795,A1123
AL1796,A1113
AL1796,A1124
AL43,A1125
AL43,A1126
AL43,A1127
AL1797,A1125
AL37,A1125
AL37,A1126
AL37,A1127
AL36,A1125
AL36,A1126
AL36,A1127
AL1251,A1090
AL1244,A1090
AL1317,A1112
AL1756,A1090
AL1757,A1090
AL1768,A1090
AL1333,A1090
AL1762,A1090
AL1308,A1090
AL1798,A1114
AL1799,A1090
AL1800,A1090
AL1771,A1090
AL1235,A1090
AL1598,A1128
AL1314,A1128
AL1296,A1128
AL1293,A1128
AL1318,A1128
AL1801,A1097
AL1802,A1129
AL1803,A1085
AL1803,A979
AL1267,A1082
AL1267,A1083
AL1267,A1084
AL1804,A1089
AL1805,A1130
AL1806,A1130
AL1807,A1130
AL1808,A1130
AL1809,A1130
AL1810,A1085
AL35,A1086
AL35,A1087
AL35,A1088
AL1811,A1086
AL1811,A1087
AL1811,A1088
AL1812,A1086
AL1812,A1087
AL1812,A1088
AL1813,A1131
AL1813,A1132
AL1814,A1131
AL1746,A1131
AL1746,A1133
AL1815,A1131
AL1815,A1132
AL1293,A1134
AL1816,A1135
AL1817,A1089
AL1818,A1136
AL1819,A1092
AL1820,A1137
AL1820,A1138
AL1821,A1139
AL1785,A1139
AL1786,A1139
AL1822,A1097
AL1823,A1140
AL1756,A1141
AL1756,A1142
AL1744,A1141
AL1744,A1142
AL1824,A1139
AL1825,A1143
AL1825,A1144
AL1788,A1139
AL1826,A1141
AL1688,A1145
AL1688,A1146
AL1827,A1141
AL1314,A1145
AL1338,A1145
AL1305,A1145
AL1828,A1141
AL1829,A1147
AL1829,A1148
AL1830,A1147
AL1830,A1148
AL1831,A1147
AL1831,A1148
AL1832,A1147
AL1826,A1147
AL1833,A1147
AL1244,A1147
AL1834,A1147
AL1835,A1147
AL1835,A1148
AL1836,A1147
AL1836,A1148
AL1810,A979
AL1799,A1147
AL1761,A1147
AL1837,A1147
AL1765,A1147
AL1333,A1147
AL1764,A1147
AL1764,A1148
AL1770,A1147
AL1828,A1147
AL1235,A1147
AL1834,A1149
AL1834,A1150
AL1800,A1149
AL1800,A1151
AL1800,A1113
AL1256,A1149
AL1256,A1151
AL1256,A1113
AL1258,A1149
AL1258,A1151
AL1258,A1113
AL1275,A1149
AL1275,A1151
AL1275,A1113
AL1255,A1149
AL1255,A1151
AL1255,A1113
AL1838,A1152
AL1839,A1153
AL1270,A1154
AL1269,A1155
AL1249,A1154
AL1840,A1153
AL1236,A1154
AL1241,A1154
AL1248,A1154
AL1238,A1153
AL1238,A1156
AL1238,A1157
AL1841,A1136
AL1842,A1158
AL1241,A1113
AL1332,A1113
AL1270,A1113
AL1843,A1108
AL1746,A1113
AL1249,A1159
AL43,A1160
AL38,A1160
AL36,A1160
AL1751,A1160
AL40,A1160
AL37,A1160
AL1844,A1161
AL1844,A1162
AL1844,A1163
AL1845,A1107
AL1845,A1108
AL1846,A1096
AL1847,A1121
AL1848,A1089
AL1849,A1092
AL1850,A1164
AL1850,A1165
AL1851,A1164
AL1851,A1166
AL31,A1164
AL1852,A1164
AL1840,A1164
AL1853,A1152
AL1853,A1167
AL1854,A1122
AL1854,A1148
AL1855,A1168
AL1856,A1169
AL1857,A1103
AL1858,A1168
AL1832,A1170
AL1859,A1170
AL1860,A1114
AL1812,A1168
AL1861,A1169
AL25,A1170
AL33,A1170
AL1850,A1171
AL1850,A1172
AL1850,A1173
AL1862,A1171
AL1851,A1171
AL1863,A1171
AL1864,A1174
AL1864,A1175
AL1865,A1085
AL644,A1100
AL644,A1101
AL1826,A1170
AL1866,A1118
AL1867,A1122
AL1868,A1170
AL1315,A1122
AL644,A1170
AL1827,A1170
AL23,A1170
AL1314,A1122
AL1296,A1122
AL1267,A1176
AL1267,A1177
AL1305,A1178
AL1338,A1178
AL1869,A1179
AL1276,A1180
AL1545,A1180
AL1598,A1180
AL1315,A1180
AL1870,A1180
AL1318,A1180
AL1871,A1093
AL1871,A1083
AL1872,A1093
AL1873,A1181
AL1873,A1182
AL1874,A1085
AL1875,A1121
AL1741,A1183
AL1876,A1184
AL1876,A1185
AL1244,A1135
AL33,A1135
AL1308,A1135
AL644,A1135
AL1805,A1186
AL1747,A1186
AL1807,A1186
AL35,A1186
AL157,A1187
AL157,A1188
AL1877,A1186
AL1808,A1186
AL1267,A1186
AL1878,A1189
AL1878,A1190
AL1879,A1191
AL1880,A1084
AL1880,A1192
AL1880,A1193
AL1880,A1194
AL1880,A1195
AL1880,A1196
AL1881,A1197
AL1882,A1198
AL1775,A1199
AL1775,A1200
AL1883,A1097
AL1884,A1084
AL1884,A1192
AL1885,A1152
AL1858,A1201
AL1886,A1202
AL1806,A1203
AL1887,A1204
AL1888,A1205
AL1889,A1136
AL994,A1206
AL1890,A1103
AL1891,A1085
AL1891,A1106
AL1892,A1136
AL1893,A1092
AL1833,A1207
AL1833,A1208
AL644,A1207
AL644,A1208
AL1334,A1207
AL1894,A1098
AL1895,A1209
AL1896,A1209
AL1897,A1210
AL1897,A1211
AL1898,A1212
AL1898,A1213
AL1898,A1214
AL1899,A1215
AL1900,A1209
AL1901,A1209
AL1902,A1209
AL1903,A1216
AL1903,A1217
AL1903,A1218
AL1904,A1212
AL1905,A1209
AL1906,A1212
AL1907,A1219
AL1908,A1209
AL1909,A1212
AL1910,A1220
AL1911,A1215
AL1912,A1215
AL1913,A1219
AL1913,A1221
AL1913,A1222
AL1913,A1223
AL1913,A1224
AL1913,A1225
AL1913,A1226
AL1914,A1216
AL1915,A1227
AL1916,A1228
AL1916,A1229
AL1917,A1228
AL1917,A1230
AL1918,A1216
AL1918,A1231
AL1918,A1232
AL1919,A1233
AL1919,A1229
AL1918,A1228
AL1918,A1234
AL1918,A1235
AL1918,A1236
AL1920,A1237
AL1921,A1228
AL1921,A1217
AL1921,A1238
AL1921,A1239
AL1918,A1217
AL1918,A1238
AL1918,A1239
AL1922,A1228
AL1922,A1217
AL1922,A1238
AL1922,A1239
AL1923,A1228
AL1923,A1217
AL1923,A1238
AL1923,A1239
AL1924,A1240
AL1924,A1241
AL1925,A1227
AL1926,A1212
AL1927,A1242
AL1928,A1215
AL1929,A1243
AL1930,A1216
AL1930,A1217
AL1930,A1218
AL1931,A1244
AL1932,A1245
AL1933,A1245
AL1934,A1246
AL1934,A1247
AL1935,A1212
AL1936,A1245
AL1937,A1219
AL1937,A1248
AL1937,A1249
AL1938,A1250
AL1939,A1246
AL1939,A1247
AL1940,A1228
AL1940,A1251
AL1940,A1252
AL1940,A1253
AL1940,A1254
AL1940,A1255
AL1941,A1216
AL1941,A1256
AL1942,A1216
AL1942,A1231
AL1942,A1232
AL1920,A1257
AL1922,A1258
AL1922,A1259
AL1921,A1260
AL1919,A1261
AL1943,A1258
AL1943,A1259
AL1943,A1262
AL1943,A1263
AL1923,A1260
AL1918,A1264
AL1918,A1265
AL1922,A1260
AL1944,A1266
AL1944,A1267
AL1545,A1264
AL1318,A1264
AL1920,A1268
AL1918,A1269
AL1918,A1270
AL1918,A1271
AL1918,A1272
AL1918,A1273
AL1945,A1266
AL1945,A1274
AL1945,A1275
AL1946,A1269
AL1946,A1276
AL1947,A1210
AL1948,A1277
AL1949,A1277
AL1950,A1219
AL1951,A1264
AL1952,A1278
AL1953,A1215
AL1954,A1212
AL1954,A1213
AL1954,A1214
AL1955,A1279
AL1956,A1280
AL1957,A1281
AL1957,A1282
AL1958,A1268
AL1959,A1237
AL1959,A1243
AL1959,A1283
AL1960,A1228
AL1960,A1217
AL1960,A1238
AL1960,A1239
AL1961,A1246
AL1961,A1284
AL1962,A1216
AL1963,A1233
AL1964,A1246
AL1964,A1285
AL1965,A1228
AL1965,A1263
AL1966,A1246
AL1966,A1286
AL1966,A1287
AL1939,A1286
AL1939,A1287
AL1916,A1288
AL1921,A1258
AL1921,A1259
AL1920,A1289
AL1916,A1278
AL1923,A1258
AL1923,A1259
AL1943,A1290
AL1943,A1291
AL1918,A1292
AL1918,A1293
AL1918,A1290
AL1918,A1294
AL1918,A1295
AL1921,A1292
AL1921,A1293
AL1922,A1292
AL1922,A1293
AL1967,A1292
AL1967,A1293
AL1923,A1292
AL1923,A1293
AL1919,A1296
AL1968,A1209
AL1969,A1297
AL1970,A1298
AL1971,A1299
AL1972,A1300
AL1972,A42
AL1973,A1301
AL1974,A1212
AL1974,A1302
AL1975,A1216
AL1976,A1303
AL1977,A1215
AL1978,A1304
AL1978,A1305
AL1978,A1306
AL1978,A1307
AL1978,A1308
AL1979,A1309
AL1979,A1310
AL1980,A1311
AL1981,A1260
AL1982,A1312
AL1983,A1313
AL1984,A1279
AL1985,A1233
AL1986,A1309
AL1987,A1228
AL1988,A1268
AL1989,A1314
AL1990,A1220
AL1991,A1279
AL1992,A1315
AL1992,A1316
AL1993,A1301
AL1994,A1317
AL1995,A1246
AL1995,A1286
AL1995,A1287
AL1921,A1318
AL1921,A1319
AL1921,A1320
AL1921,A1321
AL1921,A1322
AL1943,A1281
AL1943,A1237
AL1923,A1318
AL1923,A1319
AL1923,A1320
AL1923,A1321
AL1923,A1322
AL1943,A1318
AL1943,A1319
AL1943,A1320
AL1943,A1321
AL1943,A1322
AL1922,A1318
AL1922,A1319
AL1922,A1320
AL1922,A1321
AL1922,A1322
AL1916,A1323
AL1916,A1324
AL1919,A1323
AL1918,A1323
AL1918,A1325
AL1996,A1277
AL1997,A1209
AL1998,A1326
AL1999,A1327
AL1999,A1328
AL2000,A1329
AL2001,A1277
AL2001,A1330
AL2002,A1311
AL1956,A1331
AL2003,A1329
AL2004,A1209
AL1949,A1228
AL2005,A1227
AL2005,A1332
AL2006,A1333
AL2006,A1334
AL2007,A1277
AL2008,A1335
AL2009,A1336
AL2010,A1337
AL2011,A1313
AL2012,A1338
AL2013,A1311
AL2014,A1339
AL2015,A1227
AL2016,A1340
AL2016,A1341
AL2017,A1309
AL2017,A1342
AL2018,A1215
AL1934,A1286
AL1934,A1287
AL2019,A1268
AL1534,A1246
AL1534,A1343
AL2020,A1233
AL2021,A1243
AL2021,A1344
AL2021,A1345
AL2021,A1346
AL2022,A1246
AL2022,A1347
AL2023,A1262
AL2023,A360
AL2023,A1348
AL2024,A1290
AL2025,A1298
AL2026,A1349
AL2027,A1246
AL2027,A1286
AL2027,A1287
AL2028,A1246
AL2028,A1350
AL2029,A1327
AL2030,A1237
AL2031,A1228
AL2031,A1351
AL2032,A1216
AL2033,A1209
AL2034,A1280
AL2034,A1352
AL2035,A1280
AL2036,A1209
AL2037,A1353
AL2037,A1354
AL2038,A1355
AL2039,A1327
AL2040,A1356
AL2040,A1357
AL2041,A1358
AL2042,A1260
AL2043,A1359
AL2044,A1227
AL2044,A1360
AL2045,A1361
AL2046,A1215
AL2047,A1362
AL2048,A1315
AL2049,A1363
AL2050,A1257
AL2051,A1364
AL2052,A1268
AL2053,A1215
AL2054,A1365
AL2054,A1366
AL2055,A1367
AL2056,A1368
AL2057,A1301
AL2058,A1260
AL2059,A1365
AL2060,A1233
AL1917,A1242
AL2061,A1216
AL2061,A1369
AL1934,A977
AL2022,A1370
AL2022,A1247
AL2062,A1349
AL2063,A1268
AL2064,A1327
AL2065,A1298
AL2066,A1237
AL2067,A1361
AL2068,A1371
AL2069,A1372
AL2070,A1262
AL2070,A1373
AL2071,A1209
AL2072,A1299
AL2073,A1374
AL2074,A1212
AL2075,A1311
AL2076,A1375
AL2077,A1327
AL2077,A1376
AL2078,A1280
AL2078,A1377
AL2079,A1378
AL2080,A1216
AL2081,A1289
AL2082,A1358
AL2083,A1379
AL2084,A1303
AL2085,A1244
AL2086,A1380
AL2087,A1381
AL2088,A1382
AL2088,A1383
AL2089,A1365
AL2090,A1361
AL2090,A1384
AL2091,A1318
AL2091,A1385
AL2091,A1386
AL2091,A1387
AL2091,A1388
AL2091,A1389
AL2092,A1390
AL2093,A1391
AL2093,A1392
AL2093,A1258
AL2094,A1289
AL2095,A1245
AL2096,A1216
AL2097,A1361
AL1965,A1234
AL1965,A1235
AL1965,A1236
AL2098,A1393
AL2098,A747
AL2098,A1394
AL2099,A1216
AL2099,A1395
AL2032,A1231
AL2032,A1232
AL2100,A1228
AL2100,A1396
AL2100,A1397
AL2100,A1217
AL2100,A1398
AL2100,A1238
AL2100,A1239
AL2101,A1299
AL2101,A1399
AL2102,A1400
AL2103,A1401
AL2104,A1339
AL2105,A1311
AL2106,A1402
AL2107,A1329
AL2108,A1353
AL2109,A1335
AL2110,A1215
AL2111,A1403
AL2112,A1404
AL2113,A1269
AL2113,A1405
AL2114,A1278
AL2115,A1406
AL2116,A1407
AL2117,A1216
AL2117,A1408
AL2117,A1409
AL2118,A1245
AL2022,A1410
AL2119,A1315
AL2119,A1411
AL2119,A1412
AL2120,A1327
AL1934,A948
AL2121,A1268
AL575,A1246
AL575,A1247
AL575,A1413
AL2059,A1414
AL2122,A1390
AL2123,A1266
AL2123,A1415
AL2123,A1416
AL2124,A1246
AL2124,A1417
AL2125,A1246
AL2125,A1418
AL2124,A1247
AL2099,A1217
AL1918,A1419
AL1918,A1420
AL1918,A1421
AL2126,A1311
AL2127,A1422
AL1934,A1410
AL2128,A1423
AL2129,A1260
AL2130,A1380
AL2131,A1422
AL2132,A1327
AL2133,A1311
AL2134,A1327
AL2134,A1261
AL2135,A1424
AL2136,A1355
AL2136,A1425
AL2137,A1426
AL2138,A1427
AL2139,A1227
AL2140,A1428
AL2141,A1426
AL2142,A1228
AL2143,A1246
AL2143,A1284
AL2144,A1362
AL575,A1429
AL2145,A1268
AL2146,A1292
AL1966,A1350
AL2147,A1340
AL2147,A1341
AL2148,A1261
AL2149,A1260
AL2150,A1233
AL2151,A1244
AL2152,A1228
AL2153,A1246
AL2153,A1430
AL2154,A1431
AL2155,A1216
AL2155,A1231
AL2155,A1232
AL2156,A1246
AL2156,A1432
AL1374,A1433
AL2157,A1434
AL2158,A1435
AL2159,A1436
AL2160,A1212
AL2161,A1288
AL2162,A1298
AL2163,A1303
AL2163,A1437
AL2164,A1264
AL2164,A1438
AL2164,A1439
AL2165,A1215
AL2166,A1327
AL2166,A1440
AL2167,A1359
AL2168,A1441
AL2168,A1442
AL2169,A1311
AL2170,A1443
AL2171,A1428
AL2172,A1250
AL2173,A1233
AL2174,A1216
AL2175,A1444
AL2176,A1261
AL2177,A1243
AL2178,A1393
AL2179,A1393
AL2180,A1292
AL2180,A1445
AL2181,A1349
AL2182,A1446
AL2183,A1269
AL2183,A1447
AL2069,A1448
AL2184,A1246
AL2184,A1449
AL2185,A1450
AL2185,A1451
AL2186,A1258
AL2187,A1450
AL2187,A1451
AL2188,A1215
AL2189,A1300
AL2189,A42
AL2190,A1443
AL2191,A1212
AL2192,A1452
AL2193,A1453
AL2194,A1454
AL2194,A1313
AL2195,A1454
AL2195,A1313
AL2196,A1313
AL2196,A1455
AL2197,A1299
AL2197,A1456
AL2198,A1245
AL2199,A1457
AL2200,A1260
AL2201,A1458
AL2202,A1289
AL2203,A1261
AL2204,A1459
AL2205,A1216
AL2206,A1290
AL2206,A1294
AL2206,A1295
AL1992,A1460
AL1992,A1412
AL2207,A1269
AL2207,A1461
AL575,A1370
AL1964,A1462
AL1939,A1370
AL2208,A1407
AL2209,A1459
AL2209,A1463
AL2210,A1323
AL2099,A1464
AL1943,A1465
AL2211,A1466
AL2212,A1261
AL2213,A1313
AL2213,A1467
AL2214,A1299
AL2214,A1399
AL2215,A1468
AL2216,A1313
AL2217,A1469
AL2218,A1313
AL2219,A1311
AL2220,A1212
AL2221,A1246
AL2221,A1470
AL2222,A1216
AL2222,A1471
AL2205,A1472
AL2205,A1473
AL2205,A1474
AL2205,A1475
AL2205,A1476
AL2223,A1280
AL2224,A1215
AL2225,A1477
AL2226,A1261
AL2227,A1478
AL2228,A1289
AL2229,A1246
AL2229,A1247
AL2230,A1246
AL2230,A1410
AL2230,A1479
AL2231,A1303
AL2232,A1480
AL2233,A1481
AL2234,A1233
AL2235,A1371
AL2236,A1266
AL2236,A1482
AL2236,A1483
AL2237,A1371
AL2238,A1484
AL2239,A1299
AL2240,A1339
AL2241,A1485
AL2242,A1486
AL2243,A1431
AL2244,A1258
AL2244,A1487
AL2245,A1488
AL2245,A1489
AL2246,A1292
AL2247,A1426
AL2247,A1490
AL2247,A1491
AL2248,A1243
AL2249,A1492
AL2250,A1493
AL2251,A1216
AL2251,A1494
AL2252,A1290
AL2253,A1361
AL2254,A50
AL2254,A1495
AL2254,A1496
AL2255,A1269
AL2256,A1237
AL2257,A1280
AL2258,A1497
AL2259,A1380
AL2260,A1227
AL2261,A1313
AL2262,A1498
AL2263,A1499
AL2264,A1245
AL2265,A1500
AL2265,A1501
AL2266,A1502
AL2267,A1244
AL2268,A1298
AL2269,A1503
AL2270,A1504
AL2271,A1280
AL2061,A1217
AL2061,A1218
AL2272,A1349
AL2273,A1233
AL2274,A1333
AL2275,A1292
AL2275,A1327
AL2276,A1216
AL2230,A1505
AL2277,A1228
AL2278,A1506
AL2279,A1507
AL2279,A1232
AL2124,A1370
AL2230,A1286
AL2230,A1287
AL2280,A1508
AL2280,A1509
AL2280,A1510
AL2281,A1244
AL2282,A1511
AL2282,A1512
AL2282,A1513
AL2283,A1333
AL2284,A1514
AL2284,A1515
AL2285,A1313
AL2285,A1455
AL2286,A1337
AL2132,A1516
AL2287,A1315
AL2288,A1517
AL2289,A1368
AL2290,A1497
AL2290,A1518
AL2291,A1514
AL2292,A1212
AL2293,A1298
AL2294,A1519
AL2294,A1520
AL2295,A1269
AL2296,A1521
AL2297,A1333
AL2298,A1288
AL2299,A1257
AL2300,A1279
AL2301,A1327
AL2301,A1522
AL2302,A1243
AL2303,A1523
AL2304,A1246
AL2304,A1524
AL2305,A1301
AL2305,A1525
AL2305,A1526
AL2306,A1527
AL2307,A1528
AL2308,A1529
AL2309,A1266
AL2309,A1530
AL2309,A1531
AL2309,A1532
AL2310,A1237
AL2311,A1334
AL2312,A1233
AL2313,A1215
AL2314,A1333
AL2315,A1533
AL2316,A1403
AL2317,A1311
AL2317,A1534
AL2318,A1497
AL2319,A1535
AL2320,A1403
AL2321,A1485
AL2322,A1228
AL2322,A1234
AL2322,A1235
AL2322,A1236
AL2319,A1290
AL2323,A1261
AL2324,A1303
AL2325,A1536
AL2326,A1443
AL2327,A1281
AL2327,A1282
AL2327,A1537
AL2328,A1538
AL2329,A1219
AL2330,A1281
AL2331,A1368
AL2332,A1499
AL575,A1539
AL2333,A1228
AL1966,A1247
AL2153,A1284
AL2334,A1504
AL2335,A1480
AL1964,A1284
AL2184,A1247
AL2336,A1269
AL2336,A1540
AL2337,A1215
AL1961,A1462
AL2338,A1446
AL2022,A1287
AL2339,A1361
AL2340,A1361
AL2341,A1493
AL2342,A1216
AL2343,A1216
AL2343,A1541
AL2344,A1542
AL2345,A1264
AL2346,A1401
AL2204,A1311
AL2204,A1543
AL2347,A1339
AL2348,A1299
AL2348,A1497
AL2349,A1544
AL2350,A1545
AL2351,A1546
AL2352,A1497
AL2352,A1547
AL2353,A1216
AL2353,A1217
AL2353,A1218
AL2354,A1499
AL2355,A1313
AL2356,A1219
AL2357,A1250
AL2357,A1548
AL2358,A1549
AL2358,A1550
AL2359,A1266
AL2359,A1551
AL2360,A1361
AL1966,A1552
AL2361,A1400
AL2362,A1446
AL2363,A1553
AL2364,A1371
AL2365,A1296
AL2366,A1380
AL2367,A1228
AL2368,A1485
AL2369,A1554
AL2370,A1555
AL2371,A1359
AL2372,A1545
AL2373,A1326
AL2373,A1556
AL2374,A1557
AL2375,A1326
AL2376,A1250
AL2377,A1216
AL2377,A1256
AL2378,A1257
AL2379,A1260
AL1940,A1558
AL2223,A1559
AL2223,A1560
AL2223,A1561
AL2223,A1562
AL2380,A1215
AL2381,A1375
AL2382,A1335
AL2383,A1228
AL2384,A1446
AL2385,A1258
AL2386,A1563
AL2387,A1564
AL2388,A1485
AL2153,A1449
AL2389,A1565
AL2390,A1566
AL2391,A1567
AL2392,A1210
AL2393,A1568
AL2394,A1228
AL2394,A1569
AL2394,A1570
AL2394,A1571
AL2395,A1313
AL2396,A1314
AL135,A1363
AL2397,A1327
AL2398,A1572
AL2399,A1573
AL2400,A1434
AL2401,A1574
AL2401,A1575
AL2402,A1288
AL2403,A1349
AL2404,A1250
AL2405,A1258
AL2353,A1576
AL2406,A1289
AL2407,A1215
AL2408,A1361
AL2409,A1336
AL2209,A1577
AL2410,A1233
AL2411,A1278
AL1934,A1462
AL2164,A1578
AL2164,A1579
AL2164,A1580
AL2164,A1581
AL2412,A1228
AL1914,A1476
AL2184,A1284
AL2413,A1237
AL2413,A1582
AL2413,A1583
AL2414,A1298
AL2415,A1237
AL2416,A1584
AL2417,A1585
AL2418,A1301
AL2419,A1586
AL2419,A1587
AL2420,A1216
AL2421,A1375
AL2422,A1588
AL2423,A1589
AL2424,A1280
AL2424,A1559
AL2424,A1560
AL2424,A1561
AL2424,A1562
AL2425,A1309
AL2425,A1590
AL2426,A1292
AL2426,A1497
AL2427,A1289
AL2017,A1591
AL2428,A1260
AL2429,A1212
AL2430,A1592
AL2431,A1499
AL2432,A1593
AL2433,A1565
AL2434,A1481
AL2435,A1594
AL2436,A1592
AL2437,A1595
AL2438,A1595
AL2439,A1596
AL2440,A1597
AL2441,A1598
AL2442,A1599
AL2443,A1600
AL2444,A1601
AL2445,A1598
AL2446,A1602
AL2447,A1603
AL2448,A1604
AL2449,A1605
AL2450,A1606
AL2451,A1607
AL2452,A1607
AL2453,A1608
AL2454,A1607
AL2455,A1609
AL2456,A1610
AL2457,A1611
AL2458,A1612
AL2459,A1613
AL2460,A1614
AL2461,A1602
AL2462,A1615
AL2463,A1608
AL2464,A1616
AL2465,A1617
AL2466,A1602
AL2467,A1618
AL2468,A1602
AL2469,A1602
AL2470,A1619
AL2471,A1602
AL2472,A1602
AL2473,A1610
AL2474,A1620
AL2475,A1621
AL2476,A1602
AL2477,A1608
AL2478,A1622
AL1310,A1622
AL2479,A1623
AL78,A1624
AL2480,A1622
AL2481,A1625
AL2482,A1626
AL2483,A1604
AL2484,A1627
AL2485,A1628
AL2486,A1629
AL2487,A1630
AL2487,A1631
AL2487,A1632
AL2487,A1633
